{
  "ran_at": "2026-05-26T19:34:45.636847+00:00",
  "models": {
    "struggle": {
      "canonical (4o-mini)": {
        "n_samples": 1306,
        "rho_mean": 0.5728619634566313,
        "rho_std": 0.11470480513666755,
        "rho_per_fold": [
          0.3802542342627899,
          0.5848564577186173,
          0.6871672364025277,
          0.6138611886571854,
          0.5981707002420363
        ],
        "kappa_mean": 0.3642113397306601,
        "mae_mean": 0.6565368999972774
      },
      "new (4o-full)": {
        "n_samples": 1306,
        "rho_mean": 0.5883555739578357,
        "rho_std": 0.07894142944245096,
        "rho_per_fold": [
          0.49782236274510633,
          0.5084618619133326,
          0.6661317339666576,
          0.6364860237188216,
          0.6328758874452604
        ],
        "kappa_mean": 0.37926602333777665,
        "mae_mean": 0.5642829644150399
      }
    },
    "difficulty": {
      "canonical (4o-mini)": {
        "n_samples": 72,
        "rho_mean": 0.2869961057932292,
        "kappa_mean": 0.09999999999999998,
        "mae_mean": 0.2777777777777778
      },
      "new (4o-full)": {
        "n_samples": 72,
        "rho_mean": 0.4684530363753745,
        "kappa_mean": 0.22544434050514495,
        "mae_mean": 0.3194444444444444
      }
    },
    "improved_struggle": {
      "canonical (4o-mini)": {
        "n_samples": 1306,
        "rho_mean": 0.16829738449880396,
        "rho_std": 0.13246248446694261,
        "rho_per_fold": [
          -0.026614978948867347,
          0.11854492499831755,
          0.32949642873301654,
          0.22122631206867002,
          0.198834235642883
        ],
        "kappa_mean": 0.012687014343792801,
        "mae_mean": 0.8723435868115115
      },
      "new (4o-full)": {
        "n_samples": 1306,
        "rho_mean": 0.2014784290478655,
        "rho_std": 0.12417502587518298,
        "rho_per_fold": [
          0.07691599018285109,
          0.1016207768921269,
          0.3823036174650257,
          0.18762206006527546,
          0.25892970063404824
        ],
        "kappa_mean": 0.008567491696489493,
        "mae_mean": 0.812840404040404
      }
    }
  }
}