{
  "ran_at": "2026-05-26T19:00:32.771297+00:00",
  "purpose": "Side experiment to test whether OLS (current v2 baseline) is the best regression model class against the 4-band target, or whether regularised linear / non-linear alternatives give meaningfully better Spearman \u03c1. NO canonical artefacts modified.",
  "results": {
    "struggle": {
      "n_samples": 1306,
      "n_features": 7,
      "cv_scheme": "GroupKFold(5) session-grouped",
      "models": {
        "OLS (baseline)": {
          "mean": 0.5728619634566313,
          "std": 0.11470480513666755,
          "per_fold": [
            0.3802542342627899,
            0.5848564577186173,
            0.6871672364025277,
            0.6138611886571854,
            0.5981707002420363
          ]
        },
        "Ridge alpha=0.1": {
          "mean": 0.5728536965855501,
          "std": 0.11470111300625528,
          "per_fold": [
            0.3802542342627899,
            0.5848564577186173,
            0.6871672364025277,
            0.6138198543017789,
            0.5981707002420363
          ]
        },
        "Ridge alpha=1.0": {
          "mean": 0.5729041227996307,
          "std": 0.11474379081104742,
          "per_fold": [
            0.38022265795973287,
            0.5849274831405082,
            0.6872003204761136,
            0.6140935058372076,
            0.5980766465845911
          ]
        },
        "Ridge alpha=10.0": {
          "mean": 0.5732160386252121,
          "std": 0.11450264248205008,
          "per_fold": [
            0.38107997156423806,
            0.584803443528115,
            0.6875973293591437,
            0.6140696706979585,
            0.598529777976605
          ]
        },
        "Lasso alpha=0.01": {
          "mean": 0.5735976215314799,
          "std": 0.11654713614150274,
          "per_fold": [
            0.37685825379852816,
            0.5838489434601661,
            0.6864504148081677,
            0.6165243883299848,
            0.6043061072605527
          ]
        },
        "ElasticNet a=0.01": {
          "mean": 0.5737594698286512,
          "std": 0.11550573249564484,
          "per_fold": [
            0.37935210267975217,
            0.5844860380542103,
            0.6873436847949855,
            0.6158389017936078,
            0.6017766218207006
          ]
        },
        "RandomForest": {
          "mean": 0.5828412977738818,
          "std": 0.12634533472365087,
          "per_fold": [
            0.38676326596018,
            0.5922212054707044,
            0.730499768430678,
            0.639461838577536,
            0.5652604104303107
          ]
        },
        "GradientBoosting": {
          "mean": 0.5594477315285917,
          "std": 0.12826105941437013,
          "per_fold": [
            0.35409265856774313,
            0.5708572243511637,
            0.7023990451257868,
            0.6146722029070721,
            0.5552175266911933
          ]
        }
      }
    },
    "difficulty": {
      "n_samples": 72,
      "n_features": 5,
      "cv_scheme": "LeaveOneOut on questions (pooled OOF Spearman rho)",
      "models": {
        "OLS (baseline)": {
          "pooled_rho": 0.2869961057932292,
          "n_predictions": 72
        },
        "Ridge alpha=0.1": {
          "pooled_rho": 0.2869961057932292,
          "n_predictions": 72
        },
        "Ridge alpha=1.0": {
          "pooled_rho": 0.29009334298905215,
          "n_predictions": 72
        },
        "Ridge alpha=10.0": {
          "pooled_rho": 0.27925301280367176,
          "n_predictions": 72
        },
        "Lasso alpha=0.01": {
          "pooled_rho": 0.31641985915354737,
          "n_predictions": 72
        },
        "ElasticNet a=0.01": {
          "pooled_rho": 0.3086767661639899,
          "n_predictions": 72
        },
        "RandomForest": {
          "pooled_rho": 0.1328758380067147,
          "n_predictions": 72
        },
        "GradientBoosting": {
          "pooled_rho": -0.02390543638466174,
          "n_predictions": 72
        }
      }
    },
    "improved_struggle": {
      "n_samples": 1306,
      "n_features": 3,
      "cv_scheme": "GroupKFold(5) session-grouped",
      "models": {
        "OLS (baseline)": {
          "mean": 0.16829738449880396,
          "std": 0.13246248446694261,
          "per_fold": [
            -0.026614978948867347,
            0.11854492499831755,
            0.32949642873301654,
            0.22122631206867002,
            0.198834235642883
          ]
        },
        "Ridge alpha=0.1": {
          "mean": 0.16829738449880396,
          "std": 0.13246248446694261,
          "per_fold": [
            -0.026614978948867347,
            0.11854492499831755,
            0.32949642873301654,
            0.22122631206867002,
            0.198834235642883
          ]
        },
        "Ridge alpha=1.0": {
          "mean": 0.16829738449880396,
          "std": 0.13246248446694261,
          "per_fold": [
            -0.026614978948867347,
            0.11854492499831755,
            0.32949642873301654,
            0.22122631206867002,
            0.198834235642883
          ]
        },
        "Ridge alpha=10.0": {
          "mean": 0.16826313444114666,
          "std": 0.13243358326470903,
          "per_fold": [
            -0.026614978948867347,
            0.11854492499831755,
            0.32941923230082126,
            0.22122631206867002,
            0.19874018178679184
          ]
        },
        "Lasso alpha=0.01": {
          "mean": 0.1684189326692051,
          "std": 0.13056316632139878,
          "per_fold": [
            -0.02296570076366656,
            0.11796618212819045,
            0.3276437143603294,
            0.22087089474965466,
            0.19857957287151753
          ]
        },
        "ElasticNet a=0.01": {
          "mean": 0.16782783688404063,
          "std": 0.13053457306431432,
          "per_fold": [
            -0.024113994290122558,
            0.11773849115755913,
            0.32613286990164997,
            0.2206675405280788,
            0.19871427712303794
          ]
        },
        "RandomForest": {
          "mean": 0.2018481320284541,
          "std": 0.11565922280265487,
          "per_fold": [
            0.08653981886434212,
            0.13316537950487653,
            0.3549466090566212,
            0.29338179723177527,
            0.14120705548465556
          ]
        },
        "GradientBoosting": {
          "mean": 0.16420021105572843,
          "std": 0.10219343823120823,
          "per_fold": [
            0.057495831556322825,
            0.07247856145008648,
            0.27739939402873803,
            0.25939427211124794,
            0.15423299613224684
          ]
        }
      }
    }
  }
}