{
  "ran_at": "2026-05-26T22:27:29.370858+00:00",
  "purpose": "Side experiment to test whether OLS (current v2 baseline) is the best regression model class against the 4-band target, or whether regularised linear / non-linear alternatives give meaningfully better Spearman \u03c1. NO canonical artefacts modified.",
  "results": {
    "struggle": {
      "n_samples": 1306,
      "n_features": 7,
      "cv_scheme": "GroupKFold(5) session-grouped",
      "models": {
        "OLS (baseline)": {
          "mean": 0.5883555739578357,
          "std": 0.07894142944245096,
          "per_fold": [
            0.49782236274510633,
            0.5084618619133326,
            0.6661317339666576,
            0.6364860237188216,
            0.6328758874452604
          ]
        },
        "Ridge alpha=0.1": {
          "mean": 0.5884112459666107,
          "std": 0.07890881424666493,
          "per_fold": [
            0.4978926826274077,
            0.5085708177803161,
            0.6661317339666576,
            0.6365851080134118,
            0.6328758874452604
          ]
        },
        "Ridge alpha=1.0": {
          "mean": 0.5884446880753745,
          "std": 0.07905642350716384,
          "per_fold": [
            0.49746722967117185,
            0.5087528706213519,
            0.6662065614141041,
            0.6370416365856829,
            0.632755142084562
          ]
        },
        "Ridge alpha=10.0": {
          "mean": 0.5887067449025262,
          "std": 0.07913723983668211,
          "per_fold": [
            0.49715909430751926,
            0.5096134840517028,
            0.6670486735523934,
            0.637779058329534,
            0.6319334142714812
          ]
        },
        "Lasso alpha=0.01": {
          "mean": 0.5856049142161538,
          "std": 0.08022639563336036,
          "per_fold": [
            0.48804248127710304,
            0.5110588732744719,
            0.6653329004060805,
            0.6365872687301163,
            0.6270030473929971
          ]
        },
        "ElasticNet a=0.01": {
          "mean": 0.5869293654949639,
          "std": 0.07989274289691763,
          "per_fold": [
            0.49096387734013763,
            0.5111250743075758,
            0.6661022074603677,
            0.6364137940461296,
            0.6300418743206083
          ]
        },
        "RandomForest": {
          "mean": 0.5653584567225369,
          "std": 0.07959140100236681,
          "per_fold": [
            0.47651833448805747,
            0.5134913228188313,
            0.6748810629435699,
            0.614677292673068,
            0.547224270689158
          ]
        },
        "GradientBoosting": {
          "mean": 0.5524209050974471,
          "std": 0.10243372159424101,
          "per_fold": [
            0.49160723001432927,
            0.4399457456989554,
            0.6766095139054427,
            0.6440287470990922,
            0.5099132887694166
          ]
        }
      }
    },
    "difficulty": {
      "n_samples": 72,
      "n_features": 5,
      "cv_scheme": "LeaveOneOut on questions (pooled OOF Spearman rho)",
      "models": {
        "OLS (baseline)": {
          "pooled_rho": 0.4684530363753745,
          "n_predictions": 72
        },
        "Ridge alpha=0.1": {
          "pooled_rho": 0.4684530363753745,
          "n_predictions": 72
        },
        "Ridge alpha=1.0": {
          "pooled_rho": 0.4698732771377059,
          "n_predictions": 72
        },
        "Ridge alpha=10.0": {
          "pooled_rho": 0.4712935179000374,
          "n_predictions": 72
        },
        "Lasso alpha=0.01": {
          "pooled_rho": 0.4556708695143917,
          "n_predictions": 72
        },
        "ElasticNet a=0.01": {
          "pooled_rho": 0.4656125548507116,
          "n_predictions": 72
        },
        "RandomForest": {
          "pooled_rho": 0.47853880410787303,
          "n_predictions": 72
        },
        "GradientBoosting": {
          "pooled_rho": 0.4361203360630598,
          "n_predictions": 72
        }
      }
    },
    "improved_struggle": {
      "n_samples": 1306,
      "n_features": 3,
      "cv_scheme": "GroupKFold(5) session-grouped",
      "models": {
        "OLS (baseline)": {
          "mean": 0.2014784290478655,
          "std": 0.12417502587518298,
          "per_fold": [
            0.07691599018285109,
            0.1016207768921269,
            0.3823036174650257,
            0.18762206006527546,
            0.25892970063404824
          ]
        },
        "Ridge alpha=0.1": {
          "mean": 0.2014784290478655,
          "std": 0.12417502587518298,
          "per_fold": [
            0.07691599018285109,
            0.1016207768921269,
            0.3823036174650257,
            0.18762206006527546,
            0.25892970063404824
          ]
        },
        "Ridge alpha=1.0": {
          "mean": 0.2014634635078758,
          "std": 0.12414778614404813,
          "per_fold": [
            0.07691599018285109,
            0.1016207768921269,
            0.3822287897650774,
            0.18762206006527546,
            0.25892970063404824
          ]
        },
        "Ridge alpha=10.0": {
          "mean": 0.20146187178460254,
          "std": 0.1241588519772929,
          "per_fold": [
            0.0769665216696067,
            0.10155733372852926,
            0.38222798081696985,
            0.18754828656589387,
            0.259009236142013
          ]
        },
        "Lasso alpha=0.01": {
          "mean": 0.19740859966661956,
          "std": 0.11974300700697242,
          "per_fold": [
            0.07992067012608882,
            0.09498407030013013,
            0.3657379781186344,
            0.18200447046173898,
            0.2643958093265055
          ]
        },
        "ElasticNet a=0.01": {
          "mean": 0.1995360444360637,
          "std": 0.12148873167410425,
          "per_fold": [
            0.07788174230385175,
            0.09919890308174738,
            0.3725214124744878,
            0.18501344147417226,
            0.2630647228460595
          ]
        },
        "RandomForest": {
          "mean": 0.2499752439285738,
          "std": 0.13633219957725912,
          "per_fold": [
            0.10666437888719449,
            0.11521655245676174,
            0.41223584364272753,
            0.2717299910486387,
            0.3440294536075465
          ]
        },
        "GradientBoosting": {
          "mean": 0.22111247447142843,
          "std": 0.11139332525507865,
          "per_fold": [
            0.08465287063028813,
            0.12011458380013311,
            0.3368559845473318,
            0.2799216487529469,
            0.2840172846264423
          ]
        }
      }
    }
  }
}