{
  "struggle_v2composite": {
    "baseline_cutpoints": [
      0.315,
      0.505,
      0.605
    ],
    "baseline_kappa": 0.0380173094593923,
    "constrained_cv_kappa": 0.3841566640384576,
    "constrained_delta_kappa": 0.3461393545790653,
    "min_width": 0.1,
    "c1_floor": "max(train P5, min_width)",
    "fold_cutpoints": [
      [
        0.102,
        0.202,
        0.326
      ],
      [
        0.102,
        0.206,
        0.326
      ],
      [
        0.102,
        0.202,
        0.326
      ],
      [
        0.102,
        0.202,
        0.326
      ],
      [
        0.102,
        0.202,
        0.326
      ]
    ],
    "fold_train_kappa": [
      0.3723081865395942,
      0.3847853500128333,
      0.39275475553685724,
      0.40016225957223783,
      0.37562917481951286
    ],
    "cv_cutpoint_means": [
      0.10200000000000001,
      0.2028,
      0.326
    ],
    "cv_cutpoint_stds": [
      1.3877787807814457e-17,
      0.0015999999999999903,
      0.0
    ]
  },
  "difficulty_v2composite": {
    "baseline_cutpoints": [
      0.363,
      0.463,
      0.587
    ],
    "baseline_kappa": 0.22461538461538455,
    "constrained_cv_kappa": 0.38732394366197176,
    "constrained_delta_kappa": 0.1627085590465872,
    "min_width": 0.1,
    "c1_floor": "max(train P5, min_width)",
    "fold_cutpoints": [
      [
        0.286,
        0.386,
        0.53
      ],
      [
        0.286,
        0.386,
        0.53
      ],
      [
        0.286,
        0.386,
        0.53
      ],
      [
        0.286,
        0.386,
        0.53
      ],
      [
        0.286,
        0.386,
        0.53
      ],
      [
        0.286,
        0.386,
        0.53
      ],
      [
        0.286,
        0.386,
        0.53
      ],
      [
        0.286,
        0.386,
        0.53
      ],
      [
        0.286,
        0.386,
        0.53
      ],
      [
        0.286,
        0.386,
        0.53
      ],
      [
        0.286,
        0.386,
        0.53
      ],
      [
        0.286,
        0.386,
        0.53
      ],
      [
        0.286,
        0.386,
        0.53
      ],
      [
        0.286,
        0.386,
        0.53
      ],
      [
        0.286,
        0.386,
        0.53
      ],
      [
        0.286,
        0.386,
        0.53
      ],
      [
        0.286,
        0.386,
        0.53
      ],
      [
        0.286,
        0.386,
        0.53
      ],
      [
        0.286,
        0.386,
        0.53
      ],
      [
        0.286,
        0.386,
        0.53
      ],
      [
        0.286,
        0.386,
        0.53
      ],
      [
        0.286,
        0.386,
        0.53
      ],
      [
        0.286,
        0.386,
        0.53
      ],
      [
        0.286,
        0.386,
        0.53
      ],
      [
        0.286,
        0.386,
        0.53
      ],
      [
        0.286,
        0.386,
        0.53
      ],
      [
        0.314,
        0.418,
        0.53
      ],
      [
        0.286,
        0.386,
        0.53
      ],
      [
        0.286,
        0.386,
        0.53
      ],
      [
        0.286,
        0.386,
        0.53
      ],
      [
        0.286,
        0.386,
        0.53
      ],
      [
        0.286,
        0.386,
        0.53
      ],
      [
        0.286,
        0.386,
        0.53
      ],
      [
        0.286,
        0.386,
        0.53
      ],
      [
        0.286,
        0.386,
        0.53
      ],
      [
        0.286,
        0.386,
        0.53
      ],
      [
        0.286,
        0.386,
        0.546
      ],
      [
        0.286,
        0.386,
        0.53
      ],
      [
        0.286,
        0.386,
        0.526
      ],
      [
        0.286,
        0.386,
        0.53
      ],
      [
        0.286,
        0.386,
        0.546
      ],
      [
        0.286,
        0.386,
        0.53
      ],
      [
        0.286,
        0.386,
        0.53
      ],
      [
        0.286,
        0.386,
        0.53
      ],
      [
        0.286,
        0.386,
        0.53
      ],
      [
        0.286,
        0.386,
        0.546
      ],
      [
        0.286,
        0.386,
        0.53
      ],
      [
        0.286,
        0.386,
        0.53
      ],
      [
        0.286,
        0.386,
        0.546
      ],
      [
        0.286,
        0.386,
        0.53
      ],
      [
        0.286,
        0.386,
        0.53
      ],
      [
        0.286,
        0.386,
        0.53
      ],
      [
        0.286,
        0.386,
        0.53
      ],
      [
        0.286,
        0.386,
        0.53
      ],
      [
        0.286,
        0.386,
        0.53
      ],
      [
        0.286,
        0.386,
        0.53
      ],
      [
        0.286,
        0.386,
        0.53
      ],
      [
        0.286,
        0.386,
        0.53
      ],
      [
        0.286,
        0.386,
        0.53
      ],
      [
        0.286,
        0.386,
        0.546
      ],
      [
        0.286,
        0.386,
        0.53
      ],
      [
        0.286,
        0.386,
        0.53
      ],
      [
        0.314,
        0.418,
        0.53
      ],
      [
        0.286,
        0.386,
        0.53
      ],
      [
        0.286,
        0.386,
        0.53
      ],
      [
        0.286,
        0.386,
        0.53
      ],
      [
        0.286,
        0.386,
        0.53
      ],
      [
        0.314,
        0.418,
        0.53
      ],
      [
        0.286,
        0.386,
        0.53
      ],
      [
        0.314,
        0.418,
        0.53
      ],
      [
        0.286,
        0.386,
        0.53
      ],
      [
        0.314,
        0.418,
        0.53
      ]
    ],
    "fold_train_kappa": [
      0.49301459174169515,
      0.49301459174169515,
      0.49301459174169515,
      0.4837179892507114,
      0.5112640801001251,
      0.49301459174169515,
      0.49301459174169515,
      0.49301459174169515,
      0.5103448275862069,
      0.49301459174169515,
      0.49301459174169515,
      0.49301459174169515,
      0.49301459174169515,
      0.49301459174169515,
      0.49301459174169515,
      0.49301459174169515,
      0.49301459174169515,
      0.49301459174169515,
      0.49301459174169515,
      0.49301459174169515,
      0.49301459174169515,
      0.49301459174169515,
      0.49301459174169515,
      0.49301459174169515,
      0.49301459174169515,
      0.49301459174169515,
      0.5074331020812686,
      0.49301459174169515,
      0.49301459174169515,
      0.49301459174169515,
      0.49301459174169515,
      0.49301459174169515,
      0.49301459174169515,
      0.49301459174169515,
      0.49301459174169515,
      0.49301459174169515,
      0.5043630017452008,
      0.49301459174169515,
      0.4837179892507114,
      0.5112640801001251,
      0.5043630017452008,
      0.49301459174169515,
      0.49301459174169515,
      0.49301459174169515,
      0.5112640801001251,
      0.5043630017452008,
      0.49301459174169515,
      0.49301459174169515,
      0.5043630017452008,
      0.49580374435119434,
      0.4837179892507114,
      0.5112640801001251,
      0.4837179892507114,
      0.4837179892507114,
      0.52288,
      0.52288,
      0.4837179892507114,
      0.4837179892507114,
      0.5112640801001251,
      0.5043630017452008,
      0.49301459174169515,
      0.4837179892507114,
      0.4740740740740741,
      0.5103448275862069,
      0.4837179892507114,
      0.5103448275862069,
      0.5103448275862069,
      0.5074331020812686,
      0.5103448275862069,
      0.4740740740740741,
      0.5103448275862069,
      0.4740740740740741
    ],
    "cv_cutpoint_means": [
      0.28794444444444445,
      0.3882222222222217,
      0.531055555555556
    ],
    "cv_cutpoint_stds": [
      0.007117835362447887,
      0.008134668985654719,
      0.0041092338056060804
    ]
  }
}