{
  "struggle_v1_hand_set": {
    "cutpoints": [
      0.2,
      0.35,
      0.5
    ],
    "kappa": 0.3027867698435337
  },
  "struggle_v1_optimal": {
    "cutpoints": [
      0.1625,
      0.5225,
      0.5525
    ],
    "kappa": 0.41768776769154814
  },
  "difficulty_v1_hand_set": {
    "cutpoints": [
      0.35,
      0.5,
      0.75
    ],
    "kappa": 0.06460674157303359
  },
  "difficulty_v1_optimal": {
    "cutpoints": [
      0.0,
      0.35,
      0.5
    ],
    "kappa": 0.505720823798627
  }
}