{
  "code\\app.py": 1775419669.2504363,
  "code\\lab_app.py": 1775419669.2564664,
  "code\\learning_dashboard\\academic_calendar.py": 1775843490.3468406,
  "code\\learning_dashboard\\analytics.py": 1775426180.8560967,
  "code\\learning_dashboard\\assistant_app.py": 1775426209.1023195,
  "code\\learning_dashboard\\config.py": 1775795038.6241581,
  "code\\learning_dashboard\\data_loader.py": 1775447303.0434444,
  "code\\learning_dashboard\\instructor_app.py": 1775843506.779894,
  "code\\learning_dashboard\\lab_state.py": 1775426233.0218616,
  "code\\learning_dashboard\\paths.py": 1775590798.195017,
  "code\\learning_dashboard\\sound.py": 1775419594.9191372,
  "code\\learning_dashboard\\__init__.py": 1775419579.1771965,
  "code\\learning_dashboard\\models\\bkt.py": 1775487995.2190955,
  "code\\learning_dashboard\\models\\improved_struggle.py": 1775490133.5090847,
  "code\\learning_dashboard\\models\\irt.py": 1775438170.8263268,
  "code\\learning_dashboard\\models\\measurement.py": 1775427400.3390973,
  "code\\learning_dashboard\\models\\__init__.py": 1775487977.0313854,
  "code\\learning_dashboard\\ui\\components.py": 1775842113.2646613,
  "code\\learning_dashboard\\ui\\theme.py": 1775842055.3444693,
  "code\\learning_dashboard\\ui\\views.py": 1775842129.213865,
  "code\\learning_dashboard\\ui\\__init__.py": 1775419579.1855898,
  "Report\\main.toc": 1775789856.110855,
  "CLAUDE.md": 1775861457.6142914,
  "README.md": 1775438320.3575456,
  "code\\requirements.txt": 1772679798.7814991,
  "docs\\obsidian-vault\\Home.md": 1775835637.4913538,
  "docs\\obsidian-vault\\Code\\Code Index.md": 1775683153.7871196,
  "docs\\obsidian-vault\\Code\\Assistant App\\Assistant App.md": 1775842266.4876468,
  "docs\\obsidian-vault\\Code\\Assistant App\\Flows\\Assigned View.md": 1775842248.370695,
  "docs\\obsidian-vault\\Code\\Assistant App\\Flows\\Join Session.md": 1775842222.912298,
  "docs\\obsidian-vault\\Code\\Assistant App\\Flows\\No Active Session.md": 1775842211.2874105,
  "docs\\obsidian-vault\\Code\\Assistant App\\Flows\\UI Flow.md": 1775842273.501472,
  "docs\\obsidian-vault\\Code\\Assistant App\\Flows\\Unassigned View.md": 1775842235.5654306,
  "docs\\obsidian-vault\\Code\\Assistant App\\Modules\\App Entrypoint.md": 1775680285.1945934,
  "docs\\obsidian-vault\\Code\\Assistant App\\Modules\\Lab Assistant System.md": 1775680184.4168968,
  "docs\\obsidian-vault\\Code\\Assistant App\\Modules\\UI System.md": 1775680300.018497,
  "docs\\obsidian-vault\\Code\\Assistant App\\Operations\\Known Issues.md": 1775681955.3741724,
  "docs\\obsidian-vault\\Code\\Assistant App\\Operations\\Next Steps.md": 1775753370.3004625,
  "docs\\obsidian-vault\\Code\\Assistant App\\Operations\\RAG Architecture.md": 1775682653.733167,
  "docs\\obsidian-vault\\Code\\Lab App\\Lab App.md": 1775782894.610026,
  "docs\\obsidian-vault\\Code\\Lab App\\Flows\\Live Assistant Assignment.md": 1775782487.1535196,
  "docs\\obsidian-vault\\Code\\Lab App\\Flows\\Pages and UI Flow.md": 1775848088.3575892,
  "docs\\obsidian-vault\\Code\\Lab App\\Flows\\Question Detail.md": 1775783143.3532405,
  "docs\\obsidian-vault\\Code\\Lab App\\Flows\\Saved Session History.md": 1775782487.1555147,
  "docs\\obsidian-vault\\Code\\Lab App\\Flows\\Student Detail.md": 1775783143.352236,
  "docs\\obsidian-vault\\Code\\Lab App\\Logic\\BKT Mastery Logic.md": 1775833767.6586213,
  "docs\\obsidian-vault\\Code\\Lab App\\Logic\\Improved Struggle Logic.md": 1775833767.6902564,
  "docs\\obsidian-vault\\Code\\Lab App\\Logic\\IRT Difficulty Logic.md": 1775833767.678567,
  "docs\\obsidian-vault\\Code\\Lab App\\Logic\\Question Difficulty Logic.md": 1775683207.8503785,
  "docs\\obsidian-vault\\Code\\Lab App\\Logic\\Student Struggle Logic.md": 1775833767.7009628,
  "docs\\obsidian-vault\\Code\\Lab App\\Modules\\Analytics Engine.md": 1775841327.9389634,
  "docs\\obsidian-vault\\Code\\Lab App\\Modules\\App Entrypoint.md": 1775680281.798483,
  "docs\\obsidian-vault\\Code\\Lab App\\Modules\\Configuration and Runtime Paths.md": 1775680162.7928107,
  "docs\\obsidian-vault\\Code\\Lab App\\Modules\\Data Loading and Session Persistence.md": 1775680173.111784,
  "docs\\obsidian-vault\\Code\\Lab App\\Modules\\Instructor Dashboard.md": 1775833767.7109294,
  "docs\\obsidian-vault\\Code\\Lab App\\Modules\\UI System.md": 1775842171.1428142,
  "docs\\obsidian-vault\\Code\\Lab App\\Operations\\Coding Roadmap.md": 1775835094.9411557,
  "docs\\obsidian-vault\\Code\\Lab App\\Operations\\Evaluation Strategy.md": 1775833767.7338638,
  "docs\\obsidian-vault\\Code\\Lab App\\Operations\\Known Issues.md": 1775681951.1848955,
  "docs\\obsidian-vault\\Code\\Lab App\\Operations\\Next Steps.md": 1775753188.7861362,
  "docs\\obsidian-vault\\Code\\Lab App\\Operations\\Setup and Runbook.md": 1775680379.467703,
  "docs\\obsidian-vault\\Code\\Overview\\Architecture.md": 1775833767.7438364,
  "docs\\obsidian-vault\\Code\\Overview\\Data Pipeline.md": 1775833767.751823,
  "docs\\obsidian-vault\\Code\\Overview\\Overview Index.md": 1775833767.7597935,
  "docs\\obsidian-vault\\Code\\Overview\\Project Overview.md": 1775833767.7627852,
  "docs\\obsidian-vault\\Code\\Reference\\Academic Period Converter.md": 1775591084.5051913,
  "docs\\obsidian-vault\\Code\\Reference\\Glossary.md": 1775833767.7677717,
  "docs\\obsidian-vault\\Code\\Reference\\Reference Index.md": 1775683150.0461295,
  "docs\\obsidian-vault\\Code\\Reference\\Libraries\\Filelock.md": 1775595686.5910306,
  "docs\\obsidian-vault\\Code\\Reference\\Libraries\\MLflow.md": 1775682686.9342015,
  "docs\\obsidian-vault\\Code\\Reference\\Libraries\\NumPy.md": 1775595653.7646596,
  "docs\\obsidian-vault\\Code\\Reference\\Libraries\\OpenAI.md": 1775595701.0125325,
  "docs\\obsidian-vault\\Code\\Reference\\Libraries\\Optuna.md": 1775682671.3103395,
  "docs\\obsidian-vault\\Code\\Reference\\Libraries\\Pandas.md": 1775595631.2824671,
  "docs\\obsidian-vault\\Code\\Reference\\Libraries\\Plotly.md": 1775683210.3277338,
  "docs\\obsidian-vault\\Code\\Reference\\Libraries\\Polars.md": 1775682682.1736617,
  "docs\\obsidian-vault\\Code\\Reference\\Libraries\\Requests.md": 1775595663.2844365,
  "docs\\obsidian-vault\\Code\\Reference\\Libraries\\Scikit-learn.md": 1775683211.60578,
  "docs\\obsidian-vault\\Code\\Reference\\Libraries\\SentenceTransformers.md": 1775682691.2713475,
  "docs\\obsidian-vault\\Code\\Reference\\Libraries\\SHAP.md": 1775682677.5481606,
  "docs\\obsidian-vault\\Code\\Reference\\Libraries\\Streamlit Autorefresh.md": 1775595675.0620995,
  "docs\\obsidian-vault\\Code\\Reference\\Libraries\\Streamlit.md": 1775595603.6527994,
  "docs\\obsidian-vault\\Literature\\a2020_atrisk.md": 1775518177.7019093,
  "docs\\obsidian-vault\\Literature\\a2022_early.md": 1775518178.8475626,
  "docs\\obsidian-vault\\Literature\\a2023_real.md": 1775518180.5133617,
  "docs\\obsidian-vault\\Literature\\ahn_2019_the.md": 1775518156.1648872,
  "docs\\obsidian-vault\\Literature\\baeres_2020_an.md": 1775518161.3814063,
  "docs\\obsidian-vault\\Literature\\dannath_evaluating.md": 1775518157.2950885,
  "docs\\obsidian-vault\\Literature\\dasilva_2022_a.md": 1775518186.490091,
  "docs\\obsidian-vault\\Literature\\deschnes_2020_recommender.md": 1775518164.2604392,
  "docs\\obsidian-vault\\Literature\\dong_using.md": 1775518142.4902966,
  "docs\\obsidian-vault\\Literature\\estey_2017_automatically.md": 1775518148.1212873,
  "docs\\obsidian-vault\\Literature\\frederikbaucks_2024_gaining.md": 1775518158.4321773,
  "docs\\obsidian-vault\\Literature\\gelan_2018_affordances.md": 1775518183.7831542,
  "docs\\obsidian-vault\\Literature\\govaerts_the.md": 1775518170.9532933,
  "docs\\obsidian-vault\\Literature\\index.md": 1775518222.3217227,
  "docs\\obsidian-vault\\Literature\\khajah_supercharging.md": 1775518150.9700735,
  "docs\\obsidian-vault\\Literature\\kiatxin_development.md": 1775518188.7858143,
  "docs\\obsidian-vault\\Literature\\kim_knowledge.md": 1775518152.3458447,
  "docs\\obsidian-vault\\Literature\\klerkx_2017_learning.md": 1775518167.617545,