{
  "version": "v2",
  "kind": "struggle",
  "model_class": "LogisticRegression",
  "trained_at": "2026-05-25T16:03:51.625690+00:00",
  "n_samples": 1306,
  "n_folds": 5,
  "target": "intervene (binary; LLM second-opinion)",
  "features": [
    "n_hat",
    "t_hat",
    "i_norm",
    "r_norm",
    "A_norm",
    "d_hat",
    "rep_norm"
  ],
  "cv_scheme": "GroupKFold(n_splits=5) with session_id as group",
  "regularisation": "L2 (Ridge); C selected by inner GroupKFold(3) on AUC",
  "Cs_grid": [
    0.001,
    0.01,
    0.1,
    1.0,
    10.0,
    100.0,
    1000.0
  ],
  "random_seed": 42,
  "auc_mean": 0.8364190905843538,
  "auc_std": 0.059957616649441756,
  "auc_ci95": [
    0.7619718765726394,
    0.9108663045960682
  ],
  "weights": {
    "n_hat": -0.04300710067087894,
    "t_hat": -0.1294244964682819,
    "i_norm": 0.2616896771058876,
    "r_norm": 0.140469601357437,
    "A_norm": 0.25596613970148485,
    "d_hat": 0.09911712448201163,
    "rep_norm": -0.07032586021401806
  },
  "weights_per_fold_std": {
    "n_hat": 0.024196767361105292,
    "t_hat": 0.015499502604745998,
    "i_norm": 0.02510326715927701,
    "r_norm": 0.027942753497338078,
    "A_norm": 0.01850459534276204,
    "d_hat": 0.03240919249715098,
    "rep_norm": 0.02495757321479512
  },
  "n_folds_with_valid_auc": 5,
  "best_C_per_fold": [
    0.1,
    0.1,
    1.0,
    0.1,
    0.1
  ],
  "per_fold": [
    {
      "best_C": 0.1,
      "auc": 0.7408070175438597,
      "brier": 0.19252400555842256,
      "n_train": 1041,
      "n_test": 265,
      "n_positive_test": 190,
      "positive_rate_test": 0.7169811320754716,
      "coefs_raw": {
        "n_hat": -0.5971128397104639,
        "t_hat": -0.8989694071843584,
        "i_norm": 2.2061840993365043,
        "r_norm": 0.8835623992588006,
        "A_norm": 1.8872877380197424,
        "d_hat": 0.9680878585469901,
        "rep_norm": -0.2427411733248336
      },
      "weights_convex": {
        "n_hat": -0.07770914545335669,
        "t_hat": -0.11699320425747485,
        "i_norm": 0.2871160518928945,
        "r_norm": 0.11498811352710515,
        "A_norm": 0.24561440919144686,
        "d_hat": 0.12598838143881622,
        "rep_norm": -0.03159069423890568
      },
      "fold": 0
    },
    {
      "best_C": 0.1,
      "auc": 0.8295510912698413,
      "brier": 0.160422573984498,
      "n_train": 1042,
      "n_test": 264,
      "n_positive_test": 168,
      "positive_rate_test": 0.6363636363636364,
      "coefs_raw": {
        "n_hat": -0.2740070631638276,
        "t_hat": -0.8004807247015171,
        "i_norm": 1.799717784691557,
        "r_norm": 1.057993832073054,
        "A_norm": 1.7625842363300532,
        "d_hat": 0.8272082076300202,
        "rep_norm": -0.7044455154296503
      },
      "weights_convex": {
        "n_hat": -0.03791730964529002,
        "t_hat": -0.11077114273308424,
        "i_norm": 0.24904634109918725,
        "r_norm": 0.14640600599969064,
        "A_norm": 0.24390777191343727,
        "d_hat": 0.11446971252372255,
        "rep_norm": -0.09748171608558784
      },
      "fold": 1
    },
    {
      "best_C": 1.0,
      "auc": 0.8950757298602473,
      "brier": 0.12168021829253228,
      "n_train": 1054,
      "n_test": 252,
      "n_positive_test": 173,
      "positive_rate_test": 0.6865079365079365,
      "coefs_raw": {
        "n_hat": -0.3974612917588135,
        "t_hat": -0.9174626712498528,
        "i_norm": 1.5819757356607773,
        "r_norm": 1.1232836720705563,
        "A_norm": 2.026082012470098,
        "d_hat": 0.40200706359441263,
        "rep_norm": -0.5881181378585133
      },
      "weights_convex": {
        "n_hat": -0.05648653055518919,
        "t_hat": -0.1303882523590453,
        "i_norm": 0.22482773186425362,
        "r_norm": 0.15963918696027743,
        "A_norm": 0.28794336927320074,
        "d_hat": 0.05713256800591107,
        "rep_norm": -0.08358236098212256
      },
      "fold": 2
    },
    {
      "best_C": 0.1,
      "auc": 0.8782051282051283,
      "brier": 0.13063307519859027,
      "n_train": 1031,
      "n_test": 275,
      "n_positive_test": 182,
      "positive_rate_test": 0.6618181818181819,
      "coefs_raw": {
        "n_hat": -0.15358282909388465,
        "t_hat": -0.9823586132553644,
        "i_norm": 1.839904956693238,
        "r_norm": 1.1865821040257871,
        "A_norm": 1.690531418835285,
        "d_hat": 0.4928335856962336,
        "rep_norm": -0.5195188716498655
      },
      "weights_convex": {
        "n_hat": -0.022370843540650432,
        "t_hat": -0.14309015511435927,
        "i_norm": 0.26800018048040075,
        "r_norm": 0.17283730709941478,
        "A_norm": 0.2462424614420897,
        "d_hat": 0.07178603950867822,
        "rep_norm": -0.07567301281440689
      },
      "fold": 3
    },
    {
      "best_C": 0.1,
      "auc": 0.838456486042693,
      "brier": 0.1662339345667392,
      "n_train": 1056,
      "n_test": 250,
      "n_positive_test": 145,
      "positive_rate_test": 0.58,
      "coefs_raw": {
        "n_hat": -0.14066581389437965,
        "t_hat": -0.9984729464328505,
        "i_norm": 1.9127491995933128,
        "r_norm": 0.7424728849333185,
        "A_norm": 1.7530302348778513,
        "d_hat": 0.863836223055475,
        "rep_norm": -0.43326686347333215
      },
      "weights_convex": {
        "n_hat": -0.020551674159908332,
        "t_hat": -0.14587972787744588,
        "i_norm": 0.2794580801927019,
        "r_norm": 0.1084773932006969,
        "A_norm": 0.25612268668724963,
        "d_hat": 0.12620892093293007,
        "rep_norm": -0.06330151694906724
      },
      "fold": 4
    }
  ]
}