{
  "version": "v2",
  "kind": "improved",
  "model_class": "LinearRegression",
  "trained_at": "2026-05-26T20:01:04.701907+00:00",
  "n_samples": 1306,
  "n_folds": 5,
  "target": "4-band rating (LLM second-opinion). Struggle: On Track=0, Minor Issues=1, Struggling=2, Needs Help=3. Difficulty: Easy=0, Medium=1, Hard=2, Very Hard=3.",
  "target_band_index": {
    "On Track": 0,
    "Minor Issues": 1,
    "Struggling": 2,
    "Needs Help": 3
  },
  "features": [
    "behavioural_composite",
    "mastery_gap",
    "difficulty_adjusted_score"
  ],
  "feature_aliases": {
    "behavioural_composite": "w_B",
    "mastery_gap": "w_M",
    "difficulty_adjusted_score": "w_D"
  },
  "cv_scheme": "GroupKFold(n_splits=5) with session_id as group",
  "regularisation": "None (OLS \u2014 pure ordinary least squares)",
  "random_seed": 42,
  "spearman_rho_mean": 0.2014784290478655,
  "spearman_rho_std": 0.12417502587518298,
  "spearman_rho_ci95": [
    0.04729476994262993,
    0.3556620881531011
  ],
  "weighted_kappa_mean": 0.008567491696489493,
  "weighted_kappa_std": 0.016477911796143753,
  "weighted_kappa_ci95": [
    -0.011892538146359327,
    0.02902752153933831
  ],
  "mae_mean": 0.812840404040404,
  "mae_std": 0.023467207885346907,
  "mae_ci95": [
    0.7837020168708053,
    0.8419787912100027
  ],
  "weights": {
    "w_B": 0.2679883598345677,
    "w_M": -0.6797344344634124,
    "w_D": -0.052277205702020046
  },
  "weights_per_fold_std": {
    "w_B": 0.05620133412557998,
    "w_M": 0.049342100088677544,
    "w_D": 0.015691079444849793
  },
  "weights_by_feature": {
    "behavioural_composite": 0.2679883598345677,
    "mastery_gap": -0.6797344344634124,
    "difficulty_adjusted_score": -0.052277205702020046
  },
  "weights_per_fold_std_by_feature": {
    "behavioural_composite": 0.05620133412557998,
    "mastery_gap": 0.049342100088677544,
    "difficulty_adjusted_score": 0.015691079444849793
  },
  "n_folds_with_valid_rho": 5,
  "per_fold": [
    {
      "spearman_rho": 0.07691599018285109,
      "weighted_kappa": 0.028733446284706643,
      "mae": 0.8,
      "mae_continuous": 0.8314725466612191,
      "n_train": 1041,
      "n_test": 265,
      "y_test_mean": 2.237735849056604,
      "y_test_std": 0.9194392087170123,
      "coefs_raw": {
        "behavioural_composite": 1.3529980443285858,
        "mastery_gap": -4.180885713001073,
        "difficulty_adjusted_score": -0.38147750723905394
      },
      "weights_convex": {
        "behavioural_composite": 0.2287261899679144,
        "mastery_gap": -0.70678451002534,
        "difficulty_adjusted_score": -0.06448930000674563
      },
      "fold": 0
    },
    {
      "spearman_rho": 0.1016207768921269,
      "weighted_kappa": -0.016379672406551915,
      "mae": 0.8333333333333334,
      "mae_continuous": 0.8496917201528164,
      "n_train": 1042,
      "n_test": 264,
      "y_test_mean": 2.0303030303030303,
      "y_test_std": 0.9842655617522251,
      "coefs_raw": {
        "behavioural_composite": 1.3926678391578076,
        "mastery_gap": -3.363689168287465,
        "difficulty_adjusted_score": -0.19046576615753813
      },
      "weights_convex": {
        "behavioural_composite": 0.28152774071255365,
        "mastery_gap": -0.6799696132711185,
        "difficulty_adjusted_score": -0.03850264601632785
      },
      "fold": 1
    },
    {
      "spearman_rho": 0.3823036174650257,
      "weighted_kappa": 0.015860365027496548,
      "mae": 0.7777777777777778,
      "mae_continuous": 0.7512991566091362,
      "n_train": 1054,
      "n_test": 252,
      "y_test_mean": 2.1785714285714284,
      "y_test_std": 0.914964405835319,
      "coefs_raw": {
        "behavioural_composite": 0.9962788836470652,
        "mastery_gap": -1.6442557938409663,
        "difficulty_adjusted_score": -0.12396969658046304
      },
      "weights_convex": {
        "behavioural_composite": 0.3603824587844117,
        "mastery_gap": -0.5947741697442609,
        "difficulty_adjusted_score": -0.044843371471327435
      },
      "fold": 2
    },
    {
      "spearman_rho": 0.18762206006527546,
      "weighted_kappa": 0.007911392405063444,
      "mae": 0.8290909090909091,
      "mae_continuous": 0.8267967909004429,
      "n_train": 1031,
      "n_test": 275,
      "y_test_mean": 2.098181818181818,
      "y_test_std": 0.9804434820465703,
      "coefs_raw": {
        "behavioural_composite": 1.1930918982272285,
        "mastery_gap": -3.5131881291371543,
        "difficulty_adjusted_score": -0.19705856126651908
      },
      "weights_convex": {
        "behavioural_composite": 0.24332235611743894,
        "mastery_gap": -0.7164889932918336,
        "difficulty_adjusted_score": -0.040188650590727674
      },
      "fold": 3
    },
    {
      "spearman_rho": 0.25892970063404824,
      "weighted_kappa": 0.0067119271717327456,
      "mae": 0.824,
      "mae_continuous": 0.8088311407867415,
      "n_train": 1056,
      "n_test": 250,
      "y_test_mean": 2.116,
      "y_test_std": 0.9625715557816988,
      "coefs_raw": {
        "behavioural_composite": 1.0179882500732327,
        "mastery_gap": -3.156247470578261,
        "difficulty_adjusted_score": -0.3304748490083972
      },
      "weights_convex": {
        "behavioural_composite": 0.22598305359051993,
        "mastery_gap": -0.7006548859845084,
        "difficulty_adjusted_score": -0.0733620604249716
      },
      "fold": 4
    }
  ]
}