{
  "version": "v2",
  "kind": "struggle",
  "model_class": "LinearRegression",
  "trained_at": "2026-05-26T20:00:55.573266+00:00",
  "n_samples": 1306,
  "n_folds": 5,
  "target": "4-band rating (LLM second-opinion). Struggle: On Track=0, Minor Issues=1, Struggling=2, Needs Help=3. Difficulty: Easy=0, Medium=1, Hard=2, Very Hard=3.",
  "target_band_index": {
    "On Track": 0,
    "Minor Issues": 1,
    "Struggling": 2,
    "Needs Help": 3
  },
  "features": [
    "n_hat",
    "t_hat",
    "i_norm",
    "r_norm",
    "A_norm",
    "d_hat",
    "rep_norm"
  ],
  "cv_scheme": "GroupKFold(n_splits=5) with session_id as group",
  "regularisation": "None (OLS \u2014 pure ordinary least squares)",
  "random_seed": 42,
  "spearman_rho_mean": 0.5883555739578357,
  "spearman_rho_std": 0.07894142944245096,
  "spearman_rho_ci95": [
    0.49033684305240166,
    0.6863743048632697
  ],
  "weighted_kappa_mean": 0.37926602333777665,
  "weighted_kappa_std": 0.08096326835454316,
  "weighted_kappa_ci95": [
    0.2787368478450303,
    0.479795198830523
  ],
  "mae_mean": 0.5642829644150399,
  "mae_std": 0.0724085806001433,
  "mae_ci95": [
    0.4743758367228065,
    0.6541900921072733
  ],
  "weights": {
    "n_hat": 0.04193218043820529,
    "t_hat": -0.2135452285414246,
    "i_norm": 0.10288137376743481,
    "r_norm": 0.15377613649932967,
    "A_norm": 0.3144651428660461,
    "d_hat": 0.04781885249731649,
    "rep_norm": -0.1255810853902431
  },
  "weights_per_fold_std": {
    "n_hat": 0.026868048945367182,
    "t_hat": 0.02353024563351093,
    "i_norm": 0.04184257364723873,
    "r_norm": 0.021635388367026786,
    "A_norm": 0.018823051029415006,
    "d_hat": 0.015644411105680312,
    "rep_norm": 0.028692643068332475
  },
  "n_folds_with_valid_rho": 5,
  "per_fold": [
    {
      "spearman_rho": 0.49782236274510633,
      "weighted_kappa": 0.3075207138304653,
      "mae": 0.6188679245283019,
      "mae_continuous": 0.649759397154996,
      "n_train": 1041,
      "n_test": 265,
      "y_test_mean": 2.237735849056604,
      "y_test_std": 0.9194392087170123,
      "coefs_raw": {
        "n_hat": 0.03763532879975,
        "t_hat": -0.4909727013880974,
        "i_norm": 0.4850877683374743,
        "r_norm": 0.4563598064260435,
        "A_norm": 0.9729127184796821,
        "d_hat": 0.1832241818797563,
        "rep_norm": -0.21166241271954364
      },
      "weights_convex": {
        "n_hat": 0.013261893185812095,
        "t_hat": -0.17300838681663963,
        "i_norm": 0.17093466098476812,
        "r_norm": 0.16081153533486006,
        "A_norm": 0.3428338468955086,
        "d_hat": 0.06456432311449016,
        "rep_norm": -0.07458535366792145
      },
      "fold": 0
    },
    {
      "spearman_rho": 0.5084618619133326,
      "weighted_kappa": 0.2756349952963312,
      "mae": 0.6628787878787878,
      "mae_continuous": 0.6844767103581223,
      "n_train": 1042,
      "n_test": 264,
      "y_test_mean": 2.0303030303030303,
      "y_test_std": 0.9842655617522251,
      "coefs_raw": {
        "n_hat": 0.0884142144912567,
        "t_hat": -0.7180351015879081,
        "i_norm": 0.20233875208379,
        "r_norm": 0.574465852829949,
        "A_norm": 1.0137318819405934,
        "d_hat": 0.19865096780707964,
        "rep_norm": -0.4541388915883689
      },
      "weights_convex": {
        "n_hat": 0.027206251654889563,
        "t_hat": -0.2209491288618149,
        "i_norm": 0.0622623753477138,
        "r_norm": 0.17677092591008547,
        "A_norm": 0.31193903434371356,
        "d_hat": 0.06112759416282809,
        "rep_norm": -0.13974468971895468
      },
      "fold": 1
    },
    {
      "spearman_rho": 0.6661317339666576,
      "weighted_kappa": 0.4330249469023363,
      "mae": 0.49603174603174605,
      "mae_continuous": 0.526761882030464,
      "n_train": 1054,
      "n_test": 252,
      "y_test_mean": 2.1785714285714284,
      "y_test_std": 0.914964405835319,
      "coefs_raw": {
        "n_hat": 0.08313670905110347,
        "t_hat": -0.6436968901666921,
        "i_norm": 0.2718280441373512,
        "r_norm": 0.4919596111610752,
        "A_norm": 0.9575718149951213,
        "d_hat": 0.10164678989199283,
        "rep_norm": -0.425476720869022
      },
      "weights_convex": {
        "n_hat": 0.027942138864259346,
        "t_hat": -0.21634568046798186,
        "i_norm": 0.09136104908623481,
        "r_norm": 0.16534698002322887,
        "A_norm": 0.321838631002912,
        "d_hat": 0.034163352755789154,
        "rep_norm": -0.14300216779959402
      },
      "fold": 2
    },
    {
      "spearman_rho": 0.6364860237188216,
      "weighted_kappa": 0.4449739305937098,
      "mae": 0.5236363636363637,
      "mae_continuous": 0.593431004535154,
      "n_train": 1031,
      "n_test": 275,
      "y_test_mean": 2.098181818181818,
      "y_test_std": 0.9804434820465703,
      "coefs_raw": {
        "n_hat": 0.2202040239786173,
        "t_hat": -0.7158647485034113,
        "i_norm": 0.2550099739411875,
        "r_norm": 0.46424216994375866,
        "A_norm": 0.9523984887416024,
        "d_hat": 0.15877760714752182,
        "rep_norm": -0.4325602854832627
      },
      "weights_convex": {
        "n_hat": 0.0688340356186262,
        "t_hat": -0.22377365638598676,
        "i_norm": 0.07971410018863752,
        "r_norm": 0.14511842919219325,
        "A_norm": 0.297712232104946,
        "d_hat": 0.04963262372941029,
        "rep_norm": -0.13521492278019986
      },
      "fold": 3
    },
    {
      "spearman_rho": 0.6328758874452604,
      "weighted_kappa": 0.43517553006604104,
      "mae": 0.52,
      "mae_continuous": 0.5946872525046065,
      "n_train": 1056,
      "n_test": 250,
      "y_test_mean": 2.116,
      "y_test_std": 0.9625715557816988,
      "coefs_raw": {
        "n_hat": 0.21734433020813815,
        "t_hat": -0.7012530343993953,
        "i_norm": 0.33054789402433327,
        "r_norm": 0.36265625301963333,
        "A_norm": 0.8943951233553119,
        "d_hat": 0.08885777435820291,
        "rep_norm": -0.406251667255496
      },
      "weights_convex": {
        "n_hat": 0.07241658286743924,
        "t_hat": -0.23364929017469974,
        "i_norm": 0.11013468322981981,
        "r_norm": 0.12083281203628073,
        "A_norm": 0.29800196998315026,
        "d_hat": 0.02960636872406473,
        "rep_norm": -0.13535829298454555
      },
      "fold": 4
    }
  ]
}