{
  "version": "v2",
  "kind": "struggle",
  "model_class": "LinearRegression",
  "trained_at": "2026-05-26T02:19:09.167883+00:00",
  "n_samples": 1306,
  "n_folds": 5,
  "target": "4-band rating (LLM second-opinion). Struggle: On Track=0, Minor Issues=1, Struggling=2, Needs Help=3. Difficulty: Easy=0, Medium=1, Hard=2, Very Hard=3.",
  "target_band_index": {
    "On Track": 0,
    "Minor Issues": 1,
    "Struggling": 2,
    "Needs Help": 3
  },
  "features": [
    "n_hat",
    "t_hat",
    "i_norm",
    "r_norm",
    "A_norm",
    "d_hat",
    "rep_norm"
  ],
  "cv_scheme": "GroupKFold(n_splits=5) with session_id as group",
  "regularisation": "None (OLS \u2014 pure ordinary least squares)",
  "random_seed": 42,
  "spearman_rho_mean": 0.5728619634566313,
  "spearman_rho_std": 0.11470480513666755,
  "spearman_rho_ci95": [
    0.4304371364974531,
    0.7152867904158096
  ],
  "weighted_kappa_mean": 0.3642113397306601,
  "weighted_kappa_std": 0.04779172311568205,
  "weighted_kappa_ci95": [
    0.3048700777257951,
    0.4235526017355251
  ],
  "mae_mean": 0.6565368999972774,
  "mae_std": 0.04176033387000939,
  "mae_ci95": [
    0.6046845968779174,
    0.7083892031166373
  ],
  "weights": {
    "n_hat": -0.003840947085605019,
    "t_hat": -0.18999267485383398,
    "i_norm": 0.29071340641232485,
    "r_norm": 0.014579628959331598,
    "A_norm": 0.29443451067733656,
    "d_hat": 0.056036045224601205,
    "rep_norm": -0.10498107651755126
  },
  "weights_per_fold_std": {
    "n_hat": 0.04525924256515236,
    "t_hat": 0.018482625343341278,
    "i_norm": 0.043614282985243315,
    "r_norm": 0.027747566981541842,
    "A_norm": 0.0321684417789608,
    "d_hat": 0.03737597141702465,
    "rep_norm": 0.05131182676861616
  },
  "n_folds_with_valid_rho": 5,
  "per_fold": [
    {
      "spearman_rho": 0.3802542342627899,
      "weighted_kappa": 0.2897718996708133,
      "mae": 0.6943396226415094,
      "mae_continuous": 0.7547039922145841,
      "n_train": 1041,
      "n_test": 265,
      "y_test_mean": 1.9773584905660377,
      "y_test_std": 0.9787634689179442,
      "coefs_raw": {
        "n_hat": -0.13578031785409775,
        "t_hat": -0.40799442692357857,
        "i_norm": 0.9171252466513564,
        "r_norm": -0.019239577953003646,
        "A_norm": 0.8124995996101596,
        "d_hat": 0.1858767380892423,
        "rep_norm": -0.0403938227432019
      },
      "weights_convex": {
        "n_hat": -0.05390440008485355,
        "t_hat": -0.16197262732078221,
        "i_norm": 0.36409611499464273,
        "r_norm": -0.0076380577379178485,
        "A_norm": 0.32256003063147637,
        "d_hat": 0.07379253646464837,
        "rep_norm": -0.01603623276567915
      },
      "fold": 0
    },
    {
      "spearman_rho": 0.5848564577186173,
      "weighted_kappa": 0.3443650561767908,
      "mae": 0.7083333333333334,
      "mae_continuous": 0.7522875420341771,
      "n_train": 1042,
      "n_test": 264,
      "y_test_mean": 1.7954545454545454,
      "y_test_std": 1.129753501966961,
      "coefs_raw": {
        "n_hat": -0.03533864324917151,
        "t_hat": -0.4558242737056513,
        "i_norm": 0.7388248730565332,
        "r_norm": 0.08770702517231328,
        "A_norm": 0.6879807478068589,
        "d_hat": 0.23143359407055597,
        "rep_norm": -0.2886494807001201
      },
      "weights_convex": {
        "n_hat": -0.013991298582866641,
        "t_hat": -0.18047024244156892,
        "i_norm": 0.29251602350706674,
        "r_norm": 0.03472502236003656,
        "A_norm": 0.272385784421854,
        "d_hat": 0.09162933884913697,
        "rep_norm": -0.11428228983747031
      },
      "fold": 1
    },
    {
      "spearman_rho": 0.6871672364025277,
      "weighted_kappa": 0.3935018050541518,
      "mae": 0.6349206349206349,
      "mae_continuous": 0.6623440276871199,
      "n_train": 1054,
      "n_test": 252,
      "y_test_mean": 1.9206349206349207,
      "y_test_std": 1.0881991429208007,
      "coefs_raw": {
        "n_hat": -0.08339759698011683,
        "t_hat": -0.4807313375552021,
        "i_norm": 0.5933133373111957,
        "r_norm": 0.06321699452976041,
        "A_norm": 0.7598391029307804,
        "d_hat": 0.03404796022958042,
        "rep_norm": -0.3490970091061621
      },
      "weights_convex": {
        "n_hat": -0.03528349460202555,
        "t_hat": -0.20338573493547366,
        "i_norm": 0.2510164404295767,
        "r_norm": 0.02674557260659282,
        "A_norm": 0.32146944105665254,
        "d_hat": 0.014404863742738246,
        "rep_norm": -0.14769445262694045
      },
      "fold": 2
    },
    {
      "spearman_rho": 0.6138611886571854,
      "weighted_kappa": 0.3859626479433137,
      "mae": 0.6290909090909091,
      "mae_continuous": 0.6539915237585434,
      "n_train": 1031,
      "n_test": 275,
      "y_test_mean": 1.8909090909090909,
      "y_test_std": 1.0492027670002553,
      "coefs_raw": {
        "n_hat": 0.07072190364345574,
        "t_hat": -0.5195723589544117,
        "i_norm": 0.6980893258258989,
        "r_norm": 0.10383054919857061,
        "A_norm": 0.7748214121393128,
        "d_hat": 0.04299690570844716,
        "rep_norm": -0.32196496642670197
      },
      "weights_convex": {
        "n_hat": 0.02793127000519445,
        "t_hat": -0.20520256239644338,
        "i_norm": 0.2757069654924602,
        "r_norm": 0.04100736766184694,
        "A_norm": 0.30601192775262376,
        "d_hat": 0.016981417649405355,
        "rep_norm": -0.12715848904202592
      },
      "fold": 3
    },
    {
      "spearman_rho": 0.5981707002420363,
      "weighted_kappa": 0.407455289808231,
      "mae": 0.616,
      "mae_continuous": 0.6860670137106983,
      "n_train": 1056,
      "n_test": 250,
      "y_test_mean": 1.728,
      "y_test_std": 1.0798222075878974,
      "coefs_raw": {
        "n_hat": 0.15062607136383815,
        "t_hat": -0.5346658174031147,
        "i_norm": 0.7262953610067544,
        "r_norm": -0.05897239699127236,
        "A_norm": 0.6712352616780297,
        "d_hat": 0.22407731898474967,
        "rep_norm": -0.3218062787129549
      },
      "weights_convex": {
        "n_hat": 0.0560431878365262,
        "t_hat": -0.19893220717490168,
        "i_norm": 0.2702314876378779,
        "r_norm": -0.021941760093900475,
        "A_norm": 0.24974536952407622,
        "d_hat": 0.0833720694170771,
        "rep_norm": -0.11973391831564051
      },
      "fold": 4
    }
  ]
}