{
  "version": "v2",
  "kind": "difficulty",
  "model_class": "LinearRegression",
  "trained_at": "2026-05-26T20:01:00.175053+00:00",
  "n_samples": 72,
  "n_folds": 72,
  "target": "4-band rating (LLM second-opinion). Struggle: On Track=0, Minor Issues=1, Struggling=2, Needs Help=3. Difficulty: Easy=0, Medium=1, Hard=2, Very Hard=3.",
  "target_band_index": {
    "Easy": 0,
    "Medium": 1,
    "Hard": 2,
    "Very Hard": 3
  },
  "features": [
    "c_norm",
    "t_tilde",
    "a_tilde",
    "f_norm",
    "p_norm"
  ],
  "cv_scheme": "LeaveOneOut on questions; pooled metrics over OOF predictions",
  "regularisation": "None (OLS \u2014 pure ordinary least squares)",
  "random_seed": 42,
  "weights": {
    "c_norm": 0.17435328964425365,
    "t_tilde": -0.14636630853025243,
    "a_tilde": 0.22676520571585934,
    "f_norm": 0.09643789043514357,
    "p_norm": 0.35607730567449103
  },
  "weights_per_fold_std": {
    "c_norm": 0.018990274223778674,
    "t_tilde": 0.011685389782103131,
    "a_tilde": 0.008965105323867111,
    "f_norm": 0.018657436010026604,
    "p_norm": 0.015432511258297161
  },
  "spearman_rho_mean": 0.4684530363753745,
  "spearman_rho_std": 0.0,
  "spearman_rho_ci95": [
    0.4684530363753745,
    0.4684530363753745
  ],
  "weighted_kappa_mean": 0.22544434050514495,
  "weighted_kappa_std": 0.0,
  "weighted_kappa_ci95": [
    0.22544434050514495,
    0.22544434050514495
  ],
  "mae_mean": 0.3194444444444444,
  "mae_std": 0.0,
  "mae_ci95": [
    0.3194444444444444,
    0.3194444444444444
  ],
  "pooled_predictions": [
    3.4748665082511336,
    3.316088415529144,
    3.2551242958976063,
    2.6251561353612476,
    2.9269054908117034,
    3.0569493123969638,
    3.1316242053643224,
    2.7502935778525575,
    2.1455256839594075,
    2.847227296211694,
    3.0030316894095828,
    2.9003276612591096,
    2.8559701757624216,
    2.837322206684271,
    2.9207310271946016,
    2.8211743687503246,
    3.0826597573723333,
    2.8997512386660023,
    2.8790515891522865,
    3.079915050538628,
    2.9373033666795316,
    2.838356862926265,
    2.8139888653066762,
    2.751863849068017,
    2.76753281525598,
    2.860035701365237,
    1.8523486722627658,
    2.8491114461614555,
    2.7737279097543706,
    2.745798741789712,
    2.757251026557705,
    2.8078975080410102,
    2.781632679118165,
    2.9092249828876495,
    2.878716846826732,
    2.7368870174276743,
    2.7032245595212836,
    2.811155340911348,
    2.6956741389419725,
    2.7735493594690914,
    2.66204567674483,
    2.7505677609430585,
    2.7159433599569534,
    2.814684705056172,
    2.8109006842722826,
    2.691062693385438,
    2.7538840225911585,
    2.726514497341292,
    2.6789685878810783,
    2.1743911816259365,
    2.6578407172836434,
    2.742984024608455,
    2.649574917275319,
    2.6689896894379985,
    1.8706730918934318,
    1.9858935603979007,
    2.682654420074142,
    2.6750561140334943,
    2.761959206491815,
    2.692122608888955,
    2.7060590404710148,
    2.5889162203039016,
    1.7899315754010972,
    2.579428187493045,
    2.5977331694841537,
    2.3708794088876854,
    2.4305009544726097,
    1.8666533860270091,
    2.4752232661873705,
    1.4037807329474132,
    2.2631425409154646,
    2.115408484092012
  ],
  "pooled_y": [
    3,
    3,
    3,
    2,
    2,
    3,
    3,
    3,
    3,
    3,
    3,
    3,
    3,
    3,
    3,
    3,
    3,
    3,
    3,
    3,
    3,
    3,
    3,
    3,
    3,
    3,
    2,
    3,
    3,
    3,
    3,
    3,
    3,
    3,
    3,
    3,
    3,
    3,
    2,
    2,
    3,
    3,
    3,
    3,
    2,
    3,
    3,
    3,
    3,
    2,
    2,
    2,
    2,
    2,
    3,
    3,
    2,
    2,
    2,
    3,
    3,
    2,
    1,
    3,
    2,
    3,
    3,
    2,
    3,
    1,
    3,
    1
  ]
}