{
  "version": "v2",
  "kind": "improved",
  "model_class": "LinearRegression",
  "trained_at": "2026-05-26T02:19:16.861628+00:00",
  "n_samples": 1306,
  "n_folds": 5,
  "target": "4-band rating (LLM second-opinion). Struggle: On Track=0, Minor Issues=1, Struggling=2, Needs Help=3. Difficulty: Easy=0, Medium=1, Hard=2, Very Hard=3.",
  "target_band_index": {
    "On Track": 0,
    "Minor Issues": 1,
    "Struggling": 2,
    "Needs Help": 3
  },
  "features": [
    "behavioural_composite",
    "mastery_gap",
    "difficulty_adjusted_score"
  ],
  "feature_aliases": {
    "behavioural_composite": "w_B",
    "mastery_gap": "w_M",
    "difficulty_adjusted_score": "w_D"
  },
  "cv_scheme": "GroupKFold(n_splits=5) with session_id as group",
  "regularisation": "None (OLS \u2014 pure ordinary least squares)",
  "random_seed": 42,
  "spearman_rho_mean": 0.16829738449880396,
  "spearman_rho_std": 0.13246248446694261,
  "spearman_rho_ci95": [
    0.0038234864235759947,
    0.33277128257403193
  ],
  "weighted_kappa_mean": 0.012687014343792801,
  "weighted_kappa_std": 0.017795993379281318,
  "weighted_kappa_ci95": [
    -0.009409629947533355,
    0.03478365863511896
  ],
  "mae_mean": 0.8723435868115115,
  "mae_std": 0.06577314533239113,
  "mae_ci95": [
    0.7906754402036574,
    0.9540117334193655
  ],
  "weights": {
    "w_B": 0.3728317416274144,
    "w_M": -0.307850981268068,
    "w_D": -0.31931727710451757
  },
  "weights_per_fold_std": {
    "w_B": 0.12782654794014012,
    "w_M": 0.182444085478002,
    "w_D": 0.05896829429122584
  },
  "weights_by_feature": {
    "behavioural_composite": 0.3728317416274144,
    "mastery_gap": -0.307850981268068,
    "difficulty_adjusted_score": -0.31931727710451757
  },
  "weights_per_fold_std_by_feature": {
    "behavioural_composite": 0.12782654794014012,
    "mastery_gap": 0.182444085478002,
    "difficulty_adjusted_score": 0.05896829429122584
  },
  "n_folds_with_valid_rho": 5,
  "per_fold": [
    {
      "spearman_rho": -0.026614978948867347,
      "weighted_kappa": 0.03616045543197488,
      "mae": 0.7811320754716982,
      "mae_continuous": 0.8480779076815812,
      "n_train": 1041,
      "n_test": 265,
      "y_test_mean": 1.9773584905660377,
      "y_test_std": 0.9787634689179442,
      "coefs_raw": {
        "behavioural_composite": 0.9402517986149244,
        "mastery_gap": -1.9341380698672686,
        "difficulty_adjusted_score": -0.873376166984455
      },
      "weights_convex": {
        "behavioural_composite": 0.2508832701179678,
        "mastery_gap": -0.516077591707627,
        "difficulty_adjusted_score": -0.23303913817440522
      },
      "fold": 0
    },
    {
      "spearman_rho": 0.11854492499831755,
      "weighted_kappa": -0.00036376864314280333,
      "mae": 0.946969696969697,
      "mae_continuous": 0.9722670593454367,
      "n_train": 1042,
      "n_test": 264,
      "y_test_mean": 1.7954545454545454,
      "y_test_std": 1.129753501966961,
      "coefs_raw": {
        "behavioural_composite": 0.9274292463334787,
        "mastery_gap": -0.18958692488962897,
        "difficulty_adjusted_score": -0.6924835833849253
      },
      "weights_convex": {
        "behavioural_composite": 0.5125335021304686,
        "mastery_gap": -0.1047731144515665,
        "difficulty_adjusted_score": -0.3826933834179648
      },
      "fold": 1
    },
    {
      "spearman_rho": 0.32949642873301654,
      "weighted_kappa": 0.0,
      "mae": 0.8888888888888888,
      "mae_continuous": 0.8990387798076308,
      "n_train": 1054,
      "n_test": 252,
      "y_test_mean": 1.9206349206349207,
      "y_test_std": 1.0881991429208007,
      "coefs_raw": {
        "behavioural_composite": 0.4401902570587266,
        "mastery_gap": -0.8056150044338227,
        "difficulty_adjusted_score": -0.5464427986928855
      },
      "weights_convex": {
        "behavioural_composite": 0.24560788589341945,
        "mastery_gap": -0.4494997217910058,
        "difficulty_adjusted_score": -0.3048923923155748
      },
      "fold": 2
    },
    {
      "spearman_rho": 0.22122631206867002,
      "weighted_kappa": 0.027638384930131932,
      "mae": 0.8327272727272728,
      "mae_continuous": 0.8765374610462605,
      "n_train": 1031,
      "n_test": 275,
      "y_test_mean": 1.8909090909090909,
      "y_test_std": 1.0492027670002553,
      "coefs_raw": {
        "behavioural_composite": 0.7819438137690956,
        "mastery_gap": -0.22223676193573588,
        "difficulty_adjusted_score": -0.5791120962048294
      },
      "weights_convex": {
        "behavioural_composite": 0.4938719338768667,
        "mastery_gap": -0.14036366483506102,
        "difficulty_adjusted_score": -0.3657644012880723
      },
      "fold": 3
    },
    {
      "spearman_rho": 0.198834235642883,
      "weighted_kappa": 0.0,
      "mae": 0.912,
      "mae_continuous": 0.909519390201238,
      "n_train": 1056,
      "n_test": 250,
      "y_test_mean": 1.728,
      "y_test_std": 1.0798222075878974,
      "coefs_raw": {
        "behavioural_composite": 0.747281022221367,
        "mastery_gap": -0.6795960717742402,
        "difficulty_adjusted_score": -0.6416515141260316
      },
      "weights_convex": {
        "behavioural_composite": 0.36126211611834935,
        "mastery_gap": -0.32854081355507986,
        "difficulty_adjusted_score": -0.3101970703265708
      },
      "fold": 4
    }
  ]
}