{
  "version": "v2",
  "kind": "difficulty",
  "model_class": "LogisticRegression",
  "trained_at": "2026-05-25T16:20:28.029067+00:00",
  "n_samples": 72,
  "n_folds": 72,
  "target": "high difficulty (binary; LLM band \u2208 {Hard, Very Hard})",
  "features": [
    "c_norm",
    "t_tilde",
    "a_tilde",
    "f_norm",
    "p_norm"
  ],
  "cv_scheme": "LeaveOneOut on questions",
  "regularisation": "L2 (Ridge); C selected by inner KFold(3) on AUC",
  "Cs_grid": [
    0.001,
    0.01,
    0.1,
    1.0,
    10.0,
    100.0,
    1000.0
  ],
  "random_seed": 42,
  "weights": {
    "c_norm": 0.1494796192620455,
    "t_tilde": -0.3853823765309736,
    "a_tilde": -0.22976769822006926,
    "f_norm": 0.13350166034905453,
    "p_norm": 0.101755033549431
  },
  "weights_per_fold_std": {
    "c_norm": 0.029553228172656265,
    "t_tilde": 0.03799458020577423,
    "a_tilde": 0.025442393297344046,
    "f_norm": 0.01957965863450823,
    "p_norm": 0.023805180184101857
  },
  "auc_mean": 0.3454545454545455,
  "auc_std": 0.0,
  "auc_ci95": [
    0.3454545454545455,
    0.3454545454545455
  ],
  "brier_pooled": 0.19461488195082985,
  "best_C_per_fold": [
    0.1,
    0.1,
    0.1,
    10.0,
    0.1,
    10.0,
    0.001,
    0.1,
    0.01,
    1.0,
    0.001,
    0.1,
    0.1,
    0.1,
    0.1,
    0.1,
    0.01,
    0.1,
    0.1,
    0.1,
    0.001,
    0.001,
    0.001,
    0.001,
    0.001,
    0.001,
    0.001,
    0.001,
    0.001,
    0.01,
    0.001,
    0.001,
    0.001,
    0.001,
    0.001,
    0.001,
    0.001,
    0.001,
    0.001,
    0.001,
    0.001,
    0.001,
    0.001,
    0.001,
    0.001,
    0.001,
    0.001,
    0.001,
    0.001,
    0.01,
    0.001,
    0.1,
    0.001,
    0.001,
    0.001,
    0.001,
    0.001,
    0.001,
    0.001,
    0.001,
    0.001,
    0.01,
    0.01,
    0.001,
    0.001,
    0.001,
    0.001,
    0.001,
    0.01,
    0.001,
    0.01,
    0.001
  ]
}