{
  "version": "v2",
  "kind": "difficulty",
  "model_class": "LinearRegression",
  "trained_at": "2026-05-26T02:19:13.190208+00:00",
  "n_samples": 72,
  "n_folds": 72,
  "target": "4-band rating (LLM second-opinion). Struggle: On Track=0, Minor Issues=1, Struggling=2, Needs Help=3. Difficulty: Easy=0, Medium=1, Hard=2, Very Hard=3.",
  "target_band_index": {
    "Easy": 0,
    "Medium": 1,
    "Hard": 2,
    "Very Hard": 3
  },
  "features": [
    "c_norm",
    "t_tilde",
    "a_tilde",
    "f_norm",
    "p_norm"
  ],
  "cv_scheme": "LeaveOneOut on questions; pooled metrics over OOF predictions",
  "regularisation": "None (OLS \u2014 pure ordinary least squares)",
  "random_seed": 42,
  "weights": {
    "c_norm": -0.010884015296433746,
    "t_tilde": -0.5253209031096066,
    "a_tilde": -0.2122005770837848,
    "f_norm": 0.21821401834545592,
    "p_norm": 0.015131493446387811
  },
  "weights_per_fold_std": {
    "c_norm": 0.0327433745427992,
    "t_tilde": 0.026193204582142995,
    "a_tilde": 0.020820572197590394,
    "f_norm": 0.03126898454398089,
    "p_norm": 0.017933253841729408
  },
  "spearman_rho_mean": 0.2869961057932292,
  "spearman_rho_std": 0.0,
  "spearman_rho_ci95": [
    0.2869961057932292,
    0.2869961057932292
  ],
  "weighted_kappa_mean": 0.09999999999999998,
  "weighted_kappa_std": 0.0,
  "weighted_kappa_ci95": [
    0.09999999999999998,
    0.09999999999999998
  ],
  "mae_mean": 0.2777777777777778,
  "mae_std": 0.0,
  "mae_ci95": [
    0.2777777777777778,
    0.2777777777777778
  ],
  "pooled_predictions": [
    2.323693885205225,
    2.905759852839644,
    2.952073500189427,
    1.6162083689253843,
    2.8092236194766667,
    3.014320628863015,
    2.8029572238355853,
    2.741535725808107,
    2.124339451193442,
    2.825178515889271,
    2.7270401769505446,
    3.0374563538373214,
    2.990756972075803,
    2.9487237380849245,
    2.6532995643413253,
    2.630766490717535,
    2.6499809116064887,
    3.035583628349463,
    2.813175704523494,
    2.6310573180451677,
    2.953634939823188,
    2.6955143247534634,
    2.635995412826318,
    2.801224386655881,
    2.8269623784111384,
    2.945205789988784,
    2.160934766856386,
    3.009322491024522,
    2.9637438960360583,
    2.8962202582645444,
    2.911275870434783,
    3.0304188672137724,
    2.7505887998329004,
    2.7879220178033464,
    2.7851696876623264,
    2.941444122434246,
    2.9652457739224123,
    2.8817359568417373,
    2.876622588257539,
    2.9212346076575217,
    2.7309031460895996,
    2.9646367768222572,
    2.8748428875493386,
    2.5026242611017406,
    2.559726486857451,
    2.8959159222988897,
    2.801315289112587,
    2.8252024579609634,
    2.867560130674487,
    2.4329023814155115,
    2.7622054162282144,
    2.7890152306952767,
    2.859473429644634,
    2.8423898722194982,
    2.875196295648314,
    2.7791620317750634,
    2.8043131780357324,
    2.835932793376611,
    2.8407013418939826,
    2.6163516363288415,
    2.615441614222294,
    2.799636394164814,
    2.381193689739696,
    2.3583650564371084,
    2.82870432706971,
    2.8093124892486308,
    2.5729290238420672,
    2.798766472402424,
    2.726899340582413,
    2.5368502824671952,
    2.421525639117135,
    2.5509934111208814
  ],
  "pooled_y": [
    3,
    3,
    3,
    3,
    3,
    3,
    2,
    3,
    2,
    2,
    3,
    3,
    3,
    3,
    3,
    3,
    3,
    3,
    3,
    2,
    3,
    3,
    3,
    3,
    3,
    3,
    2,
    3,
    3,
    2,
    3,
    3,
    2,
    2,
    2,
    3,
    3,
    3,
    3,
    3,
    3,
    3,
    3,
    2,
    2,
    3,
    3,
    2,
    2,
    1,
    3,
    3,
    3,
    3,
    2,
    3,
    3,
    3,
    3,
    3,
    3,
    3,
    3,
    3,
    3,
    3,
    3,
    3,
    2,
    2,
    3,
    3
  ]
}